2021-11-13 23:37:57 +0000,2021-11-13 23:38:04 +0000
2021-11-13 23:54:41 +0000,2021-11-13 23:55:00 +0000
2021-11-09 21:49:09 +0000,2021-11-09 22:11:48 +0000
2021-11-08 03:08:53 +0000,2021-11-08 03:09:07 +0000
2021-11-10 04:10:01 +0000,2021-11-10 04:10:19 +0000
2021-11-07 21:20:20 +0000,2021-11-07 21:20:25 +0000
2021-11-11 00:52:49 +0000,2021-11-11 01:38:15 +0000
2021-11-09 22:13:29 +0000,2021-11-09 22:14:10 +0000
2021-11-11 18:51:41 +0000,2021-11-11 18:51:42 +0000
2021-11-12 03:48:30 +0000,2021-11-12 03:48:35 +0000
2021-11-13 17:56:20 +0000,2021-11-13 17:56:53 +0000
2021-11-09 23:53:35 +0000,2021-11-09 23:53:58 +0000
2021-11-10 23:50:01 +0000,2021-11-10 23:50:08 +0000
2021-11-10 23:39:30 +0000,2021-11-10 23:39:37 +0000
2021-11-11 03:57:13 +0000,2021-11-11 04:01:01 +0000
2021-11-08 03:20:45 +0000,2021-11-08 03:21:02 +0000
2021-11-07 23:51:00 +0000,2021-11-07 23:51:32 +0000
2021-11-09 00:11:28 +0000,2021-11-09 00:11:41 +0000
2021-11-08 23:12:34 +0000,2021-11-08 23:19:42 +0000
2021-11-08 02:03:35 +0000,2021-11-08 02:16:00 +0000
2021-11-09 22:32:51 +0000,2021-11-09 22:33:29 +0000
2021-11-11 00:07:59 +0000,2021-11-11 00:08:33 +0000
2021-11-13 03:22:16 +0000,2021-11-13 03:22:17 +0000
2021-11-11 02:24:34 +0000,2021-11-11 02:25:23 +0000
2021-11-09 16:43:32 +0000,2021-11-09 16:56:36 +0000
2021-11-13 22:08:59 +0000,2021-11-13 22:09:08 +0000
2021-11-12 01:44:33 +0000,2021-11-12 01:45:17 +0000
2021-11-13 21:52:58 +0000,2021-11-13 21:53:03 +0000
2021-11-09 17:35:06 +0000,2021-11-09 17:35:50 +0000
2021-11-08 02:35:44 +0000,2021-11-08 02:35:52 +0000
2021-11-13 21:58:26 +0000,2021-11-13 21:58:28 +0000
2021-11-11 17:39:19 +0000,2021-11-11 17:40:01 +0000
2021-11-10 18:48:16 +0000,2021-11-10 18:52:06 +0000
2021-11-09 22:18:49 +0000,2021-11-09 22:19:06 +0000
2021-11-11 16:21:22 +0000,2021-11-11 16:21:51 +0000
2021-11-08 19:19:47 +0000,2021-11-08 19:22:31 +0000
2021-11-08 19:18:07 +0000,2021-11-08 19:18:21 +0000
2021-11-11 19:48:27 +0000,2021-11-11 19:49:15 +0000
2021-11-09 02:53:10 +0000,2021-11-09 03:50:56 +0000
2021-11-13 19:38:26 +0000,2021-11-13 19:53:05 +0000
2021-11-11 17:49:04 +0000,2021-11-11 17:49:52 +0000
2021-11-13 19:36:31 +0000,2021-11-13 19:37:54 +0000
2021-11-11 01:49:54 +0000,2021-11-11 01:50:21 +0000
2021-11-08 00:32:16 +0000,2021-11-08 00:44:54 +0000
2021-11-13 17:31:00 +0000,2021-11-13 17:31:42 +0000
2021-11-10 23:14:58 +0000,2021-11-10 23:16:26 +0000
2021-11-14 04:08:08 +0000,2021-11-14 04:08:15 +0000
2021-11-13 18:27:51 +0000,2021-11-13 18:40:12 +0000
2021-11-13 22:04:21 +0000,2021-11-13 22:08:51 +0000
2021-11-12 01:42:22 +0000,2021-11-12 01:42:34 +0000
2021-11-09 23:20:41 +0000,2021-11-09 23:20:59 +0000
2021-11-13 16:52:25 +0000,2021-11-13 16:53:03 +0000
2021-11-09 21:36:32 +0000,2021-11-09 21:43:27 +0000
2021-11-09 20:19:58 +0000,2021-11-09 20:20:07 +0000
2021-11-07 21:15:00 +0000,2021-11-07 21:15:02 +0000
2021-11-11 19:56:46 +0000,2021-11-11 19:56:53 +0000
2021-11-09 20:57:16 +0000,2021-11-09 21:14:29 +0000
2021-11-11 01:52:59 +0000,2021-11-11 01:53:01 +0000
2021-11-13 20:14:03 +0000,2021-11-13 20:15:49 +0000
2021-11-08 03:23:54 +0000,2021-11-08 03:24:13 +0000
2021-11-10 05:02:09 +0000,2021-11-10 05:03:45 +0000
2021-11-08 15:17:59 +0000,2021-11-08 15:19:02 +0000
2021-11-11 17:42:59 +0000,2021-11-11 17:43:35 +0000
2021-11-11 19:13:12 +0000,2021-11-11 19:13:14 +0000
2021-11-08 16:53:33 +0000,2021-11-08 16:53:40 +0000
2021-11-13 21:59:13 +0000,2021-11-13 22:03:07 +0000
2021-11-12 03:56:21 +0000,2021-11-12 03:57:09 +0000
2021-11-10 23:08:13 +0000,2021-11-10 23:08:56 +0000
2021-11-09 21:16:01 +0000,2021-11-09 21:16:42 +0000
2021-11-13 17:42:24 +0000,2021-11-13 17:56:16 +0000
2021-11-10 23:42:52 +0000,2021-11-10 23:42:57 +0000
2021-11-11 18:11:10 +0000,2021-11-11 18:18:25 +0000
2021-11-14 00:02:22 +0000,2021-11-14 00:04:31 +0000
2021-11-07 20:38:11 +0000,2021-11-07 20:38:11 +0000
2021-11-12 04:26:35 +0000,2021-11-12 04:26:35 +0000
2021-11-08 03:46:52 +0000,2021-11-08 03:47:00 +0000
2021-11-07 23:04:13 +0000,2021-11-07 23:06:02 +0000
2021-11-10 19:30:33 +0000,2021-11-10 21:23:52 +0000
2021-11-08 18:10:16 +0000,2021-11-08 18:12:39 +0000
2021-11-08 01:08:53 +0000,2021-11-08 01:22:42 +0000
2021-11-08 16:34:46 +0000,2021-11-08 16:52:00 +0000
2021-11-09 23:49:31 +0000,2021-11-09 23:50:14 +0000
2021-11-11 17:38:22 +0000,2021-11-11 17:38:49 +0000
2021-11-11 02:16:05 +0000,2021-11-11 02:16:17 +0000
2021-11-13 20:21:47 +0000,2021-11-13 20:21:53 +0000
2021-11-11 15:02:03 +0000,2021-11-11 15:29:41 +0000
2021-11-10 23:26:39 +0000,2021-11-10 23:27:18 +0000
2021-11-13 15:45:08 +0000,2021-11-13 15:51:16 +0000
2021-11-09 03:55:15 +0000,2021-11-09 06:52:26 +0000
2021-11-13 20:51:31 +0000,2021-11-13 20:52:31 +0000
2021-11-13 23:22:20 +0000,2021-11-13 23:22:26 +0000
2021-11-09 19:47:48 +0000,2021-11-09 19:48:11 +0000
2021-11-10 16:11:04 +0000,2021-11-10 16:11:05 +0000
2021-11-10 05:21:41 +0000,2021-11-10 05:21:41 +0000
2021-11-11 03:57:04 +0000,2021-11-11 03:57:05 +0000
2021-11-09 23:23:22 +0000,2021-11-09 23:23:36 +0000
2021-11-09 17:24:47 +0000,2021-11-09 17:26:49 +0000
2021-11-11 02:56:58 +0000,2021-11-11 02:57:05 +0000
2021-11-08 04:55:17 +0000,2021-11-08 07:03:49 +0000
2021-11-11 19:21:30 +0000,2021-11-11 19:21:42 +0000
2021-11-08 04:52:43 +0000,2021-11-08 04:53:14 +0000
2021-11-13 23:38:19 +0000,2021-11-13 23:39:11 +0000
2021-11-10 23:11:23 +0000,2021-11-10 23:13:48 +0000
2021-11-08 16:11:13 +0000,2021-11-08 16:11:52 +0000
2021-11-11 18:18:44 +0000,2021-11-11 18:21:14 +0000
2021-11-13 20:40:14 +0000,2021-11-13 20:42:58 +0000
2021-11-13 05:35:31 +0000,2021-11-13 05:36:59 +0000
2021-11-13 20:45:35 +0000,2021-11-13 20:45:42 +0000
2021-11-13 21:55:41 +0000,2021-11-13 21:56:19 +0000
2021-11-08 16:20:26 +0000,2021-11-08 16:20:28 +0000
2021-11-08 22:07:54 +0000,2021-11-08 22:07:57 +0000
2021-11-12 01:51:50 +0000,2021-11-12 01:58:44 +0000
2021-11-11 05:45:42 +0000,2021-11-11 06:14:54 +0000
2021-11-09 22:17:00 +0000,2021-11-09 22:17:07 +0000
2021-11-09 21:23:32 +0000,2021-11-09 21:23:35 +0000
2021-11-10 04:46:32 +0000,2021-11-10 04:46:59 +0000
2021-11-12 04:11:14 +0000,2021-11-12 04:11:45 +0000
2021-11-08 18:31:51 +0000,2021-11-08 18:43:46 +0000
2021-11-10 22:55:05 +0000,2021-11-10 22:55:17 +0000
2021-11-10 09:10:07 +0000,2021-11-10 09:10:13 +0000
2021-11-07 23:47:28 +0000,2021-11-07 23:48:29 +0000
2021-11-11 16:24:52 +0000,2021-11-11 16:25:33 +0000
2021-11-08 17:48:39 +0000,2021-11-08 17:50:07 +0000
2021-11-07 21:23:28 +0000,2021-11-07 21:23:42 +0000
2021-11-09 20:26:56 +0000,2021-11-09 20:27:13 +0000
2021-11-11 03:02:44 +0000,2021-11-11 03:03:32 +0000
2021-11-08 17:47:23 +0000,2021-11-08 17:47:27 +0000
2021-11-13 21:57:24 +0000,2021-11-13 21:57:53 +0000
2021-11-08 14:32:52 +0000,2021-11-08 14:34:01 +0000
2021-11-13 03:40:06 +0000,2021-11-13 03:40:25 +0000
2021-11-09 18:01:06 +0000,2021-11-09 18:01:54 +0000
2021-11-12 01:47:20 +0000,2021-11-12 01:48:14 +0000
2021-11-09 19:29:11 +0000,2021-11-09 19:29:16 +0000
2021-11-10 16:11:38 +0000,2021-11-10 16:18:38 +0000
2021-11-12 02:00:59 +0000,2021-11-12 02:01:49 +0000
2021-11-08 18:29:43 +0000,2021-11-08 18:30:11 +0000
2021-11-10 16:46:08 +0000,2021-11-10 16:58:51 +0000
2021-11-09 22:22:34 +0000,2021-11-09 22:23:44 +0000
2021-11-13 23:06:35 +0000,2021-11-13 23:07:08 +0000
2021-11-11 22:20:42 +0000,2021-11-11 22:27:51 +0000
2021-11-10 23:19:56 +0000,2021-11-10 23:20:02 +0000
2021-11-09 01:43:57 +0000,2021-11-09 01:44:22 +0000
2021-11-09 02:37:55 +0000,2021-11-09 02:38:04 +0000
2021-11-11 19:22:00 +0000,2021-11-11 19:22:07 +0000
2021-11-08 15:15:38 +0000,2021-11-08 15:16:19 +0000
2021-11-10 05:07:49 +0000,2021-11-10 05:07:59 +0000
2021-11-11 01:48:54 +0000,2021-11-11 01:49:09 +0000
2021-11-08 15:22:25 +0000,2021-11-08 15:22:52 +0000
2021-11-09 23:50:24 +0000,2021-11-09 23:53:00 +0000
2021-11-14 00:27:56 +0000,2021-11-14 00:55:41 +0000
2021-11-09 22:26:09 +0000,2021-11-09 22:26:59 +0000
2021-11-13 21:54:39 +0000,2021-11-13 21:54:44 +0000
2021-11-12 01:59:24 +0000,2021-11-12 02:00:38 +0000
2021-11-09 19:59:26 +0000,2021-11-09 19:59:48 +0000
2021-11-13 19:25:39 +0000,2021-11-13 19:26:32 +0000
2021-11-11 18:21:42 +0000,2021-11-11 18:22:48 +0000
2021-11-13 20:52:55 +0000,2021-11-13 21:49:40 +0000
2021-11-13 19:02:09 +0000,2021-11-13 19:11:54 +0000
2021-11-07 23:54:58 +0000,2021-11-07 23:55:16 +0000
2021-11-13 23:39:13 +0000,2021-11-13 23:39:59 +0000
2021-11-13 18:42:53 +0000,2021-11-13 18:58:14 +0000
2021-11-11 02:57:15 +0000,2021-11-11 02:57:25 +0000
2021-11-08 15:28:27 +0000,2021-11-08 15:29:18 +0000
2021-11-07 23:49:02 +0000,2021-11-07 23:49:41 +0000
2021-11-11 00:22:57 +0000,2021-11-11 00:23:49 +0000
2021-11-13 22:03:14 +0000,2021-11-13 22:03:19 +0000
2021-11-08 22:16:16 +0000,2021-11-08 22:33:50 +0000
2021-11-13 21:51:47 +0000,2021-11-13 21:52:31 +0000
2021-11-08 15:14:37 +0000,2021-11-08 15:15:34 +0000
2021-11-10 03:55:53 +0000,2021-11-10 03:56:16 +0000
2021-11-13 02:12:08 +0000,2021-11-13 02:13:15 +0000
2021-11-08 15:24:52 +0000,2021-11-08 15:25:22 +0000
2021-11-09 22:24:14 +0000,2021-11-09 22:24:46 +0000
2021-11-08 21:43:25 +0000,2021-11-08 21:43:32 +0000
2021-11-08 17:24:17 +0000,2021-11-08 17:25:28 +0000
2021-11-11 04:18:44 +0000,2021-11-11 04:21:00 +0000
2021-11-13 22:03:40 +0000,2021-11-13 22:03:46 +0000
2021-11-11 00:40:28 +0000,2021-11-11 00:45:44 +0000
2021-11-09 23:24:25 +0000,2021-11-09 23:26:13 +0000
2021-11-11 03:32:22 +0000,2021-11-11 03:32:47 +0000
2021-11-08 03:49:31 +0000,2021-11-08 03:53:00 +0000
2021-11-07 23:49:43 +0000,2021-11-07 23:50:17 +0000
2021-11-07 23:39:19 +0000,2021-11-07 23:39:54 +0000
2021-11-09 23:40:44 +0000,2021-11-09 23:40:46 +0000
2021-11-08 22:34:31 +0000,2021-11-08 22:42:48 +0000
2021-11-08 03:41:19 +0000,2021-11-08 03:41:19 +0000
2021-11-09 23:36:06 +0000,2021-11-09 23:36:12 +0000
2021-11-08 14:42:36 +0000,2021-11-08 14:48:19 +0000
2021-11-07 21:15:03 +0000,2021-11-07 21:15:05 +0000
2021-11-09 22:33:37 +0000,2021-11-09 23:00:06 +0000
2021-11-08 20:37:55 +0000,2021-11-08 20:38:16 +0000
2021-11-09 18:45:09 +0000,2021-11-09 19:03:03 +0000
2021-11-11 03:00:25 +0000,2021-11-11 03:00:45 +0000
2021-11-11 18:18:27 +0000,2021-11-11 18:18:30 +0000
2021-11-10 23:01:29 +0000,2021-11-10 23:02:15 +0000
2021-11-11 22:28:23 +0000,2021-11-11 22:38:54 +0000
2021-11-11 03:02:25 +0000,2021-11-11 03:02:42 +0000
2021-11-11 02:06:37 +0000,2021-11-11 02:06:47 +0000
2021-11-14 00:10:48 +0000,2021-11-14 00:10:55 +0000
2021-11-13 22:10:43 +0000,2021-11-13 22:10:47 +0000
2021-11-09 23:55:52 +0000,2021-11-10 00:20:52 +0000
2021-11-08 23:23:14 +0000,2021-11-08 23:24:54 +0000
2021-11-10 06:46:13 +0000,2021-11-10 09:10:04 +0000
2021-11-09 23:43:05 +0000,2021-11-09 23:49:08 +0000
2021-11-12 03:45:51 +0000,2021-11-12 03:45:53 +0000
2021-11-11 22:39:12 +0000,2021-11-11 22:39:25 +0000
2021-11-10 18:53:26 +0000,2021-11-10 18:53:27 +0000
2021-11-11 19:03:06 +0000,2021-11-11 19:03:31 +0000
2021-11-08 23:25:01 +0000,2021-11-08 23:52:47 +0000
2021-11-09 18:15:05 +0000,2021-11-09 18:30:48 +0000
2021-11-11 04:11:23 +0000,2021-11-11 04:14:48 +0000
2021-11-11 03:55:35 +0000,2021-11-11 03:55:46 +0000
2021-11-12 03:48:51 +0000,2021-11-12 03:48:55 +0000
2021-11-12 00:56:28 +0000,2021-11-12 00:56:37 +0000
2021-11-08 01:30:49 +0000,2021-11-08 02:00:14 +0000
2021-11-11 18:27:44 +0000,2021-11-11 18:27:58 +0000
2021-11-11 02:32:59 +0000,2021-11-11 02:33:06 +0000
2021-11-09 18:36:27 +0000,2021-11-09 18:44:40 +0000
2021-11-07 21:18:12 +0000,2021-11-07 21:18:15 +0000
2021-11-09 17:00:39 +0000,2021-11-09 17:21:54 +0000
2021-11-10 04:24:38 +0000,2021-11-10 04:24:40 +0000
2021-11-07 21:09:42 +0000,2021-11-07 21:09:50 +0000
2021-11-08 00:46:02 +0000,2021-11-08 01:05:50 +0000
2021-11-08 21:47:44 +0000,2021-11-08 21:47:49 +0000
2021-11-13 23:22:42 +0000,2021-11-13 23:29:36 +0000
2021-11-12 01:43:38 +0000,2021-11-12 01:43:43 +0000
2021-11-13 04:16:26 +0000,2021-11-13 04:16:36 +0000
2021-11-13 21:56:22 +0000,2021-11-13 21:56:29 +0000
2021-11-11 02:13:20 +0000,2021-11-11 02:15:45 +0000
2021-11-13 18:01:01 +0000,2021-11-13 18:04:26 +0000
2021-11-11 03:32:05 +0000,2021-11-11 03:32:08 +0000
2021-11-08 03:14:10 +0000,2021-11-08 03:14:29 +0000
2021-11-09 21:46:14 +0000,2021-11-09 21:46:29 +0000
2021-11-13 17:41:22 +0000,2021-11-13 17:41:42 +0000
2021-11-11 00:24:22 +0000,2021-11-11 00:26:43 +0000
2021-11-08 03:48:56 +0000,2021-11-08 03:49:10 +0000
2021-11-07 23:07:57 +0000,2021-11-07 23:39:02 +0000
2021-11-09 23:35:16 +0000,2021-11-09 23:36:00 +0000
2021-11-09 22:14:26 +0000,2021-11-09 22:14:52 +0000
2021-11-11 16:20:40 +0000,2021-11-11 16:20:53 +0000
2021-11-12 03:15:57 +0000,2021-11-12 03:30:44 +0000
2021-11-08 15:17:14 +0000,2021-11-08 15:17:43 +0000
2021-11-11 22:39:58 +0000,2021-11-11 22:40:02 +0000
2021-11-11 04:21:24 +0000,2021-11-11 04:22:47 +0000
2021-11-11 21:02:35 +0000,2021-11-11 22:20:20 +0000
2021-11-10 04:55:00 +0000,2021-11-10 04:55:47 +0000
2021-11-09 23:04:07 +0000,2021-11-09 23:18:15 +0000
2021-11-08 03:56:25 +0000,2021-11-08 04:51:03 +0000
2021-11-11 01:56:43 +0000,2021-11-11 01:57:11 +0000
2021-11-10 04:47:22 +0000,2021-11-10 04:48:34 +0000
2021-11-09 02:45:43 +0000,2021-11-09 02:45:52 +0000
2021-11-09 00:09:31 +0000,2021-11-09 00:09:47 +0000
2021-11-14 19:11:59 +0000,2021-11-14 19:12:37 +0000
2021-11-13 19:13:27 +0000,2021-11-13 19:15:22 +0000
2021-11-10 18:59:20 +0000,2021-11-10 19:05:16 +0000
2021-11-08 03:38:46 +0000,2021-11-08 03:40:17 +0000
2021-11-13 23:50:09 +0000,2021-11-13 23:50:20 +0000
2021-11-09 21:48:08 +0000,2021-11-09 21:48:32 +0000
2021-11-07 23:40:22 +0000,2021-11-07 23:41:58 +0000
2021-11-12 01:40:04 +0000,2021-11-12 01:40:35 +0000
2021-11-09 20:24:55 +0000,2021-11-09 20:25:14 +0000
2021-11-11 17:40:09 +0000,2021-11-11 17:40:21 +0000
2021-11-08 17:09:05 +0000,2021-11-08 17:10:17 +0000
2021-11-09 01:46:03 +0000,2021-11-09 01:46:31 +0000
2021-11-09 23:26:22 +0000,2021-11-09 23:26:53 +0000
2021-11-08 20:25:53 +0000,2021-11-08 20:26:17 +0000
2021-11-13 15:54:58 +0000,2021-11-13 16:14:58 +0000
2021-11-10 16:24:26 +0000,2021-11-10 16:24:53 +0000
2021-11-09 19:35:56 +0000,2021-11-09 19:36:22 +0000
2021-11-10 21:29:14 +0000,2021-11-10 22:27:14 +0000
2021-11-10 18:05:34 +0000,2021-11-10 18:05:42 +0000
2021-11-08 17:50:09 +0000,2021-11-08 17:51:44 +0000
2021-11-11 19:19:39 +0000,2021-11-11 19:19:48 +0000
2021-11-13 20:12:08 +0000,2021-11-13 20:13:06 +0000
2021-11-11 18:28:55 +0000,2021-11-11 18:30:24 +0000
2021-11-08 21:20:20 +0000,2021-11-08 21:22:57 +0000
2021-11-07 23:02:10 +0000,2021-11-07 23:03:06 +0000
2021-11-08 22:00:54 +0000,2021-11-08 22:01:38 +0000
2021-11-09 21:47:31 +0000,2021-11-09 21:47:53 +0000
2021-11-11 18:52:50 +0000,2021-11-11 18:53:44 +0000
2021-11-13 20:04:50 +0000,2021-11-13 20:08:51 +0000
2021-11-08 18:08:04 +0000,2021-11-08 18:09:17 +0000
2021-11-11 04:39:37 +0000,2021-11-11 05:45:24 +0000
2021-11-09 16:56:41 +0000,2021-11-09 16:57:23 +0000
2021-11-08 03:42:39 +0000,2021-11-08 03:42:45 +0000
2021-11-09 01:44:58 +0000,2021-11-09 01:45:22 +0000
2021-11-07 22:52:12 +0000,2021-11-07 22:52:50 +0000
2021-11-11 01:47:43 +0000,2021-11-11 01:48:00 +0000
2021-11-08 22:50:09 +0000,2021-11-08 22:57:17 +0000
2021-11-12 04:18:42 +0000,2021-11-12 04:19:20 +0000
2021-11-09 21:18:11 +0000,2021-11-09 21:18:29 +0000
2021-11-08 16:18:56 +0000,2021-11-08 16:19:13 +0000
2021-11-08 23:21:26 +0000,2021-11-08 23:21:30 +0000
2021-11-12 02:22:42 +0000,2021-11-12 03:14:13 +0000
2021-11-10 23:21:28 +0000,2021-11-10 23:22:21 +0000
2021-11-08 14:32:39 +0000,2021-11-08 14:32:42 +0000
2021-11-11 16:16:07 +0000,2021-11-11 16:16:57 +0000
2021-11-11 18:32:39 +0000,2021-11-11 18:41:48 +0000
2021-11-10 02:21:36 +0000,2021-11-10 03:04:15 +0000
2021-11-08 22:11:56 +0000,2021-11-08 22:13:26 +0000
2021-11-09 02:29:58 +0000,2021-11-09 02:30:34 +0000
2021-11-11 01:58:40 +0000,2021-11-11 01:58:43 +0000
2021-11-08 22:49:57 +0000,2021-11-08 22:50:04 +0000
2021-11-10 05:05:54 +0000,2021-11-10 05:07:47 +0000
2021-11-08 02:51:57 +0000,2021-11-08 02:52:02 +0000
2021-11-08 21:23:12 +0000,2021-11-08 21:23:15 +0000
2021-11-08 15:24:11 +0000,2021-11-08 15:24:33 +0000
2021-11-10 04:45:32 +0000,2021-11-10 04:45:57 +0000
2021-11-08 20:40:04 +0000,2021-11-08 20:40:25 +0000
2021-11-09 23:34:03 +0000,2021-11-09 23:35:12 +0000
2021-11-13 18:18:43 +0000,2021-11-13 18:24:49 +0000
2021-11-08 19:48:38 +0000,2021-11-08 19:48:48 +0000
2021-11-08 03:12:57 +0000,2021-11-08 03:13:29 +0000
2021-11-10 19:07:24 +0000,2021-11-10 19:28:07 +0000
2021-11-08 03:44:22 +0000,2021-11-08 03:46:38 +0000
2021-11-08 04:51:43 +0000,2021-11-08 04:52:37 +0000
2021-11-08 18:28:41 +0000,2021-11-08 18:29:17 +0000
2021-11-14 00:56:24 +0000,2021-11-14 00:57:35 +0000
2021-11-12 01:46:56 +0000,2021-11-12 01:46:58 +0000
2021-11-08 14:48:34 +0000,2021-11-08 14:50:56 +0000
2021-11-11 19:51:41 +0000,2021-11-11 19:55:08 +0000
2021-11-11 03:30:58 +0000,2021-11-11 03:31:33 +0000
2021-11-07 22:36:21 +0000,2021-11-07 22:37:45 +0000
2021-11-08 03:17:52 +0000,2021-11-08 03:18:01 +0000
2021-11-11 03:38:53 +0000,2021-11-11 03:39:09 +0000
2021-11-08 22:05:49 +0000,2021-11-08 22:06:06 +0000
2021-11-07 20:48:11 +0000,2021-11-07 20:53:11 +0000
2021-11-12 01:50:20 +0000,2021-11-12 01:51:43 +0000
2021-11-14 04:40:42 +0000,2021-11-14 04:40:42 +0000
2021-11-09 22:11:50 +0000,2021-11-09 22:12:25 +0000
2021-11-09 23:41:19 +0000,2021-11-09 23:42:17 +0000
2021-11-08 02:30:25 +0000,2021-11-08 02:30:52 +0000
2021-11-09 20:47:24 +0000,2021-11-09 20:47:31 +0000
2021-11-07 21:13:23 +0000,2021-11-07 21:13:33 +0000
2021-11-11 16:25:47 +0000,2021-11-11 16:26:36 +0000
2021-11-13 19:30:56 +0000,2021-11-13 19:32:13 +0000
2021-11-13 03:00:35 +0000,2021-11-13 03:01:22 +0000
2021-11-13 19:16:23 +0000,2021-11-13 19:21:43 +0000
2021-11-09 20:38:48 +0000,2021-11-09 20:38:53 +0000
2021-11-10 04:25:51 +0000,2021-11-10 04:27:18 +0000
2021-11-12 01:41:00 +0000,2021-11-12 01:41:27 +0000
2021-11-13 17:24:41 +0000,2021-11-13 17:28:46 +0000
2021-11-11 19:36:46 +0000,2021-11-11 19:37:03 +0000
2021-11-07 23:45:58 +0000,2021-11-07 23:46:31 +0000
2021-11-11 18:43:25 +0000,2021-11-11 18:44:03 +0000
2021-11-10 05:10:01 +0000,2021-11-10 05:14:07 +0000
2021-11-13 23:35:46 +0000,2021-11-13 23:36:45 +0000
2021-11-09 23:01:34 +0000,2021-11-09 23:02:22 +0000
2021-11-09 00:00:48 +0000,2021-11-09 00:05:46 +0000
2021-11-13 18:10:22 +0000,2021-11-13 18:11:12 +0000
2021-11-11 01:40:54 +0000,2021-11-11 01:41:47 +0000
2021-11-09 00:14:57 +0000,2021-11-09 00:15:24 +0000
2021-11-13 23:55:04 +0000,2021-11-13 23:55:06 +0000
2021-11-13 01:45:15 +0000,2021-11-13 01:45:26 +0000
2021-11-10 05:04:41 +0000,2021-11-10 05:04:54 +0000
2021-11-11 03:32:56 +0000,2021-11-11 03:34:38 +0000
2021-11-13 02:14:09 +0000,2021-11-13 02:58:23 +0000
2021-11-09 23:30:42 +0000,2021-11-09 23:31:09 +0000
2021-11-09 22:27:24 +0000,2021-11-09 22:27:35 +0000
2021-11-13 18:08:59 +0000,2021-11-13 18:09:58 +0000
2021-11-08 20:41:04 +0000,2021-11-08 20:41:59 +0000
2021-11-12 01:43:45 +0000,2021-11-12 01:43:50 +0000
2021-11-11 04:25:02 +0000,2021-11-11 04:39:27 +0000
2021-11-10 15:04:45 +0000,2021-11-10 16:03:45 +0000
2021-11-09 20:18:45 +0000,2021-11-09 20:19:04 +0000
2021-11-13 18:14:53 +0000,2021-11-13 18:16:01 +0000
2021-11-09 20:20:09 +0000,2021-11-09 20:20:12 +0000
2021-11-13 05:24:56 +0000,2021-11-13 05:25:07 +0000
2021-11-09 00:19:31 +0000,2021-11-09 00:19:59 +0000
2021-11-13 17:34:11 +0000,2021-11-13 17:40:52 +0000
2021-11-11 17:48:38 +0000,2021-11-11 17:48:49 +0000
2021-11-13 19:53:25 +0000,2021-11-13 20:04:45 +0000
2021-11-10 01:44:39 +0000,2021-11-10 01:44:47 +0000
2021-11-11 02:22:42 +0000,2021-11-11 02:23:05 +0000
2021-11-08 22:43:26 +0000,2021-11-08 22:48:08 +0000
2021-11-07 23:59:08 +0000,2021-11-08 00:30:52 +0000
2021-11-09 00:30:23 +0000,2021-11-09 00:31:36 +0000